company,internship,place,exp,salary,mode,accessible,women_friendly
RemoteSolutions,UX/UI Design Intern,Remote,1 year(s),"₹4,50,000 - 6,00,000",Online,Yes,Yes
SkillBuilders,Marketing Intern,Remote,0 year(s),"₹4,50,000 - 6,00,000",Online,Yes,No
RemoteSolutions,Product Management Intern,Remote,1 year(s),"₹4,50,000 - 6,00,000",Online,Yes,Yes
InnovateHub,UX/UI Design Intern,Remote,1 year(s),"₹4,50,000 - 6,00,000",Online,Yes,Yes
InclusiveWorks,HR & Recruitment Intern,Remote,2 year(s),"₹2,00,000 - 3,00,000",Online,Yes,Yes
InnovateHub,UX/UI Design Intern,Remote,0 year(s),"₹6,00,000 - 7,50,000",Online,Yes,Yes
SkillBuilders,Content Writer Intern,Remote,0 year(s),"₹4,50,000 - 6,00,000",Online,No,Yes
BrightFuture,Marketing Intern,Remote,1 year(s),"₹3,00,000 - 4,50,000",Online,Yes,No
GlobalCorp,Content Writer Intern,Remote,2 year(s),"₹2,00,000 - 3,00,000",Online,Yes,Yes
TechNova,HR & Recruitment Intern,Remote,2 year(s),"₹2,00,000 - 3,00,000",Online,Yes,Yes
InnovateHub,Software Developer Intern,Remote,0 year(s),"₹2,00,000 - 3,00,000",Online,Yes,No
GlobalCorp,HR & Recruitment Intern,Remote,1 year(s),"₹6,00,000 - 7,50,000",Online,Yes,Yes
GreenTech,UX/UI Design Intern,Remote,0 year(s),"₹4,50,000 - 6,00,000",Online,No,Yes
RemoteSolutions,Software Developer Intern,Remote,1 year(s),"₹4,50,000 - 6,00,000",Online,Yes,Yes
NextGenLabs,Software Developer Intern,Remote,2 year(s),"₹3,00,000 - 4,50,000",Online,Yes,Yes
WomenInTech,Customer Success Intern,Remote,0 year(s),"₹2,00,000 - 3,00,000",Online,Yes,Yes
NextGenLabs,UX/UI Design Intern,Remote,2 year(s),"₹2,00,000 - 3,00,000",Online,No,No
TechNova,AI/ML Research Intern,Remote,0 year(s),"₹2,00,000 - 3,00,000",Online,No,Yes
GreenTech,Content Writer Intern,Remote,1 year(s),"₹6,00,000 - 7,50,000",Online,Yes,No
RemoteSolutions,AI/ML Research Intern,Remote,2 year(s),"₹3,00,000 - 4,50,000",Online,Yes,Yes
SkillBuilders,Software Developer Intern,Remote,1 year(s),"₹3,00,000 - 4,50,000",Online,Yes,Yes
InclusiveWorks,UX/UI Design Intern,Remote,0 year(s),"₹6,00,000 - 7,50,000",Online,Yes,Yes
WomenInTech,UX/UI Design Intern,Remote,1 year(s),"₹2,00,000 - 3,00,000",Online,No,Yes
RemoteSolutions,Content Writer Intern,Remote,1 year(s),"₹4,50,000 - 6,00,000",Online,No,No
RemoteSolutions,AI/ML Research Intern,Remote,1 year(s),"₹6,00,000 - 7,50,000",Online,Yes,No
NextGenLabs,Finance Intern,Remote,0 year(s),"₹2,00,000 - 3,00,000",Online,Yes,Yes
BrightFuture,Marketing Intern,Remote,1 year(s),"₹4,50,000 - 6,00,000",Online,Yes,No
GlobalCorp,Customer Success Intern,Remote,1 year(s),"₹4,50,000 - 6,00,000",Online,Yes,Yes
WomenInTech,AI/ML Research Intern,Remote,1 year(s),"₹6,00,000 - 7,50,000",Online,No,Yes
GreenTech,Content Writer Intern,Remote,1 year(s),"₹3,00,000 - 4,50,000",Online,Yes,Yes
TechNova,HR & Recruitment Intern,Remote,2 year(s),"₹4,50,000 - 6,00,000",Online,Yes,Yes
GreenTech,Software Developer Intern,Remote,1 year(s),"₹6,00,000 - 7,50,000",Online,Yes,Yes
WomenInTech,Software Developer Intern,Remote,0 year(s),"₹4,50,000 - 6,00,000",Online,No,Yes
TechNova,UX/UI Design Intern,Remote,0 year(s),"₹4,50,000 - 6,00,000",Online,No,Yes
NextGenLabs,Marketing Intern,Remote,1 year(s),"₹4,50,000 - 6,00,000",Online,No,Yes
TechNova,Finance Intern,Remote,1 year(s),"₹6,00,000 - 7,50,000",Online,Yes,No
TechNova,Marketing Intern,Remote,0 year(s),"₹2,00,000 - 3,00,000",Online,Yes,Yes
BrightFuture,Product Management Intern,Remote,1 year(s),"₹6,00,000 - 7,50,000",Online,No,Yes
GlobalCorp,Marketing Intern,Remote,2 year(s),"₹6,00,000 - 7,50,000",Online,No,Yes
GreenTech,HR & Recruitment Intern,Remote,0 year(s),"₹3,00,000 - 4,50,000",Online,No,Yes
InclusiveWorks,Finance Intern,Remote,0 year(s),"₹3,00,000 - 4,50,000",Online,No,Yes
InnovateHub,Data Analyst Intern,Remote,1 year(s),"₹3,00,000 - 4,50,000",Online,Yes,No
BrightFuture,Finance Intern,Remote,2 year(s),"₹3,00,000 - 4,50,000",Online,No,Yes
WomenInTech,Marketing Intern,Remote,1 year(s),"₹6,00,000 - 7,50,000",Online,Yes,Yes
RemoteSolutions,Software Developer Intern,Remote,1 year(s),"₹4,50,000 - 6,00,000",Online,Yes,Yes
RemoteSolutions,Data Analyst Intern,Remote,0 year(s),"₹3,00,000 - 4,50,000",Online,No,Yes
GlobalCorp,Customer Success Intern,Remote,0 year(s),"₹3,00,000 - 4,50,000",Online,Yes,Yes
TechNova,HR & Recruitment Intern,Remote,0 year(s),"₹3,00,000 - 4,50,000",Online,Yes,Yes
InnovateHub,Data Analyst Intern,Remote,2 year(s),"₹6,00,000 - 7,50,000",Online,Yes,Yes
SkillBuilders,Product Management Intern,Remote,1 year(s),"₹2,00,000 - 3,00,000",Online,No,Yes
SkillBuilders,HR & Recruitment Intern,Remote,1 year(s),"₹2,00,000 - 3,00,000",Online,Yes,Yes
GlobalCorp,Finance Intern,Remote,2 year(s),"₹6,00,000 - 7,50,000",Online,Yes,Yes
InclusiveWorks,Customer Success Intern,Remote,0 year(s),"₹2,00,000 - 3,00,000",Online,Yes,No
GlobalCorp,Finance Intern,Remote,0 year(s),"₹6,00,000 - 7,50,000",Online,Yes,No
InnovateHub,AI/ML Research Intern,Remote,0 year(s),"₹4,50,000 - 6,00,000",Online,Yes,Yes
BrightFuture,Product Management Intern,Remote,1 year(s),"₹2,00,000 - 3,00,000",Online,Yes,Yes
GlobalCorp,Product Management Intern,Remote,1 year(s),"₹2,00,000 - 3,00,000",Online,Yes,No
TechNova,Content Writer Intern,Remote,0 year(s),"₹4,50,000 - 6,00,000",Online,Yes,No
TechNova,Product Management Intern,Remote,1 year(s),"₹3,00,000 - 4,50,000",Online,Yes,Yes
TechNova,Product Management Intern,Remote,0 year(s),"₹4,50,000 - 6,00,000",Online,No,Yes
BrightFuture,Product Management Intern,Remote,0 year(s),"₹6,00,000 - 7,50,000",Online,Yes,Yes
WomenInTech,HR & Recruitment Intern,Remote,0 year(s),"₹6,00,000 - 7,50,000",Online,Yes,Yes
RemoteSolutions,Marketing Intern,Remote,1 year(s),"₹6,00,000 - 7,50,000",Online,Yes,No
GreenTech,Marketing Intern,Remote,0 year(s),"₹2,00,000 - 3,00,000",Online,No,No
TechNova,HR & Recruitment Intern,Remote,2 year(s),"₹3,00,000 - 4,50,000",Online,Yes,Yes
InnovateHub,HR & Recruitment Intern,Remote,0 year(s),"₹6,00,000 - 7,50,000",Online,No,Yes
RemoteSolutions,AI/ML Research Intern,Remote,2 year(s),"₹4,50,000 - 6,00,000",Online,Yes,Yes
TechNova,HR & Recruitment Intern,Remote,2 year(s),"₹4,50,000 - 6,00,000",Online,Yes,Yes
GlobalCorp,HR & Recruitment Intern,Remote,1 year(s),"₹3,00,000 - 4,50,000",Online,No,Yes
WomenInTech,Data Analyst Intern,Remote,1 year(s),"₹2,00,000 - 3,00,000",Online,Yes,No
TechNova,HR & Recruitment Intern,Remote,0 year(s),"₹3,00,000 - 4,50,000",Online,Yes,Yes
WomenInTech,AI/ML Research Intern,Remote,0 year(s),"₹2,00,000 - 3,00,000",Online,No,Yes
InclusiveWorks,Product Management Intern,Remote,2 year(s),"₹2,00,000 - 3,00,000",Online,No,Yes
WomenInTech,Marketing Intern,Remote,0 year(s),"₹4,50,000 - 6,00,000",Online,Yes,Yes
TechNova,Software Developer Intern,Remote,0 year(s),"₹6,00,000 - 7,50,000",Online,Yes,No
InnovateHub,Software Developer Intern,Remote,1 year(s),"₹6,00,000 - 7,50,000",Online,Yes,Yes
NextGenLabs,AI/ML Research Intern,Remote,1 year(s),"₹4,50,000 - 6,00,000",Online,Yes,Yes
BrightFuture,Software Developer Intern,Remote,1 year(s),"₹4,50,000 - 6,00,000",Online,No,Yes
RemoteSolutions,Customer Success Intern,Remote,1 year(s),"₹6,00,000 - 7,50,000",Online,Yes,Yes
BrightFuture,Finance Intern,Remote,2 year(s),"₹6,00,000 - 7,50,000",Online,No,Yes
WomenInTech,Content Writer Intern,Remote,1 year(s),"₹4,50,000 - 6,00,000",Online,Yes,Yes
GlobalCorp,Marketing Intern,Remote,2 year(s),"₹3,00,000 - 4,50,000",Online,Yes,Yes
GreenTech,Content Writer Intern,Remote,0 year(s),"₹6,00,000 - 7,50,000",Online,No,Yes
InclusiveWorks,Finance Intern,Remote,0 year(s),"₹3,00,000 - 4,50,000",Online,Yes,No
BrightFuture,HR & Recruitment Intern,Remote,1 year(s),"₹4,50,000 - 6,00,000",Online,Yes,No
WomenInTech,Marketing Intern,Remote,0 year(s),"₹2,00,000 - 3,00,000",Online,Yes,No
NextGenLabs,HR & Recruitment Intern,Remote,0 year(s),"₹6,00,000 - 7,50,000",Online,No,Yes
GlobalCorp,UX/UI Design Intern,Remote,2 year(s),"₹4,50,000 - 6,00,000",Online,Yes,Yes
GreenTech,Software Developer Intern,Remote,0 year(s),"₹2,00,000 - 3,00,000",Online,Yes,Yes
GlobalCorp,Software Developer Intern,Remote,2 year(s),"₹3,00,000 - 4,50,000",Online,Yes,Yes
RemoteSolutions,Customer Success Intern,Remote,0 year(s),"₹6,00,000 - 7,50,000",Online,Yes,Yes
GreenTech,Data Analyst Intern,Remote,2 year(s),"₹3,00,000 - 4,50,000",Online,Yes,Yes
NextGenLabs,Software Developer Intern,Remote,2 year(s),"₹2,00,000 - 3,00,000",Online,Yes,Yes
BrightFuture,AI/ML Research Intern,Remote,2 year(s),"₹3,00,000 - 4,50,000",Online,Yes,No
NextGenLabs,Marketing Intern,Remote,2 year(s),"₹4,50,000 - 6,00,000",Online,No,Yes
InclusiveWorks,Marketing Intern,Remote,0 year(s),"₹3,00,000 - 4,50,000",Online,Yes,Yes
SkillBuilders,Product Management Intern,Remote,0 year(s),"₹4,50,000 - 6,00,000",Online,No,Yes
NextGenLabs,Finance Intern,Remote,0 year(s),"₹3,00,000 - 4,50,000",Online,Yes,Yes
BrightFuture,Data Analyst Intern,Remote,2 year(s),"₹3,00,000 - 4,50,000",Online,Yes,Yes
NextGenLabs,UX/UI Design Intern,Remote,1 year(s),"₹3,00,000 - 4,50,000",Online,No,Yes
TechNova,Product Management Intern,Remote,1 year(s),"₹4,50,000 - 6,00,000",Online,No,Yes
WomenInTech,Software Developer Intern,Remote,1 year(s),"₹3,00,000 - 4,50,000",Online,Yes,No
TechNova,Data Analyst Intern,Remote,1 year(s),"₹4,50,000 - 6,00,000",Online,Yes,Yes
GreenTech,Software Developer Intern,Remote,0 year(s),"₹4,50,000 - 6,00,000",Online,Yes,No
BrightFuture,Finance Intern,Remote,0 year(s),"₹6,00,000 - 7,50,000",Online,Yes,Yes
InnovateHub,Marketing Intern,Remote,1 year(s),"₹6,00,000 - 7,50,000",Online,Yes,No
InnovateHub,UX/UI Design Intern,Remote,2 year(s),"₹6,00,000 - 7,50,000",Online,Yes,Yes
TechNova,Software Developer Intern,Remote,0 year(s),"₹4,50,000 - 6,00,000",Online,No,No
WomenInTech,Customer Success Intern,Remote,2 year(s),"₹2,00,000 - 3,00,000",Online,Yes,No
TechNova,Marketing Intern,Remote,1 year(s),"₹2,00,000 - 3,00,000",Online,Yes,No
InclusiveWorks,Product Management Intern,Remote,0 year(s),"₹2,00,000 - 3,00,000",Online,Yes,No
NextGenLabs,Data Analyst Intern,Remote,2 year(s),"₹4,50,000 - 6,00,000",Online,No,Yes
NextGenLabs,Marketing Intern,Remote,2 year(s),"₹3,00,000 - 4,50,000",Online,No,No
InnovateHub,Product Management Intern,Remote,0 year(s),"₹6,00,000 - 7,50,000",Online,No,No
GreenTech,AI/ML Research Intern,Remote,0 year(s),"₹6,00,000 - 7,50,000",Online,No,Yes
BrightFuture,Finance Intern,Remote,2 year(s),"₹6,00,000 - 7,50,000",Online,Yes,Yes
NextGenLabs,Customer Success Intern,Remote,0 year(s),"₹3,00,000 - 4,50,000",Online,Yes,Yes
NextGenLabs,HR & Recruitment Intern,Remote,0 year(s),"₹6,00,000 - 7,50,000",Online,Yes,Yes
TechNova,UX/UI Design Intern,Remote,2 year(s),"₹6,00,000 - 7,50,000",Online,Yes,Yes
GlobalCorp,Data Analyst Intern,Remote,2 year(s),"₹2,00,000 - 3,00,000",Online,Yes,Yes
InclusiveWorks,HR & Recruitment Intern,Remote,0 year(s),"₹4,50,000 - 6,00,000",Online,Yes,Yes
InnovateHub,Customer Success Intern,Remote,2 year(s),"₹2,00,000 - 3,00,000",Online,Yes,Yes
GlobalCorp,AI/ML Research Intern,Remote,1 year(s),"₹2,00,000 - 3,00,000",Online,Yes,Yes
InnovateHub,Content Writer Intern,Remote,0 year(s),"₹4,50,000 - 6,00,000",Online,Yes,No
TechNova,HR & Recruitment Intern,Remote,0 year(s),"₹2,00,000 - 3,00,000",Online,No,No
InclusiveWorks,UX/UI Design Intern,Remote,1 year(s),"₹4,50,000 - 6,00,000",Online,Yes,No
InclusiveWorks,Marketing Intern,Remote,1 year(s),"₹6,00,000 - 7,50,000",Online,Yes,Yes
InnovateHub,Software Developer Intern,Remote,1 year(s),"₹2,00,000 - 3,00,000",Online,Yes,No
TechNova,Software Developer Intern,Remote,2 year(s),"₹3,00,000 - 4,50,000",Online,Yes,Yes
GreenTech,Customer Success Intern,Remote,1 year(s),"₹4,50,000 - 6,00,000",Online,Yes,Yes
BrightFuture,HR & Recruitment Intern,Remote,2 year(s),"₹6,00,000 - 7,50,000",Online,Yes,Yes
SkillBuilders,Product Management Intern,Remote,1 year(s),"₹6,00,000 - 7,50,000",Online,No,No
RemoteSolutions,UX/UI Design Intern,Remote,2 year(s),"₹3,00,000 - 4,50,000",Online,Yes,Yes
GreenTech,Finance Intern,Remote,1 year(s),"₹4,50,000 - 6,00,000",Online,Yes,Yes
WomenInTech,AI/ML Research Intern,Remote,2 year(s),"₹4,50,000 - 6,00,000",Online,Yes,Yes
GreenTech,Content Writer Intern,Remote,0 year(s),"₹3,00,000 - 4,50,000",Online,Yes,Yes
SkillBuilders,Data Analyst Intern,Remote,2 year(s),"₹2,00,000 - 3,00,000",Online,Yes,Yes
NextGenLabs,HR & Recruitment Intern,Remote,1 year(s),"₹4,50,000 - 6,00,000",Online,No,No
BrightFuture,Product Management Intern,Remote,0 year(s),"₹2,00,000 - 3,00,000",Online,No,Yes
NextGenLabs,Software Developer Intern,Remote,2 year(s),"₹4,50,000 - 6,00,000",Online,Yes,Yes
GlobalCorp,UX/UI Design Intern,Remote,1 year(s),"₹4,50,000 - 6,00,000",Online,Yes,Yes
NextGenLabs,AI/ML Research Intern,Remote,2 year(s),"₹3,00,000 - 4,50,000",Online,No,No
GreenTech,Customer Success Intern,Remote,2 year(s),"₹6,00,000 - 7,50,000",Online,Yes,Yes
RemoteSolutions,HR & Recruitment Intern,Remote,2 year(s),"₹4,50,000 - 6,00,000",Online,No,No
GreenTech,Content Writer Intern,Remote,2 year(s),"₹4,50,000 - 6,00,000",Online,No,Yes
GlobalCorp,Customer Success Intern,Remote,2 year(s),"₹6,00,000 - 7,50,000",Online,Yes,Yes
InclusiveWorks,Customer Success Intern,Remote,1 year(s),"₹2,00,000 - 3,00,000",Online,Yes,No
GlobalCorp,AI/ML Research Intern,Remote,1 year(s),"₹4,50,000 - 6,00,000",Online,Yes,Yes
InclusiveWorks,Content Writer Intern,Remote,1 year(s),"₹2,00,000 - 3,00,000",Online,Yes,Yes
RemoteSolutions,Content Writer Intern,Remote,1 year(s),"₹2,00,000 - 3,00,000",Online,Yes,Yes
BrightFuture,Finance Intern,Remote,0 year(s),"₹2,00,000 - 3,00,000",Online,Yes,No
SkillBuilders,Data Analyst Intern,Remote,2 year(s),"₹2,00,000 - 3,00,000",Online,Yes,Yes
BrightFuture,Software Developer Intern,Remote,0 year(s),"₹3,00,000 - 4,50,000",Online,Yes,Yes
InclusiveWorks,Marketing Intern,Remote,0 year(s),"₹3,00,000 - 4,50,000",Online,Yes,No
SkillBuilders,UX/UI Design Intern,Remote,1 year(s),"₹3,00,000 - 4,50,000",Online,Yes,Yes
NextGenLabs,AI/ML Research Intern,Remote,2 year(s),"₹3,00,000 - 4,50,000",Online,Yes,No
SkillBuilders,Marketing Intern,Remote,0 year(s),"₹4,50,000 - 6,00,000",Online,Yes,No
RemoteSolutions,Finance Intern,Remote,0 year(s),"₹4,50,000 - 6,00,000",Online,Yes,Yes
InclusiveWorks,HR & Recruitment Intern,Remote,1 year(s),"₹6,00,000 - 7,50,000",Online,No,Yes
InclusiveWorks,Software Developer Intern,Remote,1 year(s),"₹2,00,000 - 3,00,000",Online,Yes,No
NextGenLabs,AI/ML Research Intern,Remote,1 year(s),"₹3,00,000 - 4,50,000",Online,No,Yes
TechNova,Content Writer Intern,Remote,2 year(s),"₹6,00,000 - 7,50,000",Online,Yes,Yes
RemoteSolutions,AI/ML Research Intern,Remote,2 year(s),"₹6,00,000 - 7,50,000",Online,Yes,Yes
InclusiveWorks,Content Writer Intern,Remote,0 year(s),"₹6,00,000 - 7,50,000",Online,Yes,Yes
InnovateHub,Software Developer Intern,Remote,0 year(s),"₹4,50,000 - 6,00,000",Online,Yes,Yes
GlobalCorp,Software Developer Intern,Remote,0 year(s),"₹4,50,000 - 6,00,000",Online,Yes,Yes
SkillBuilders,Product Management Intern,Remote,2 year(s),"₹4,50,000 - 6,00,000",Online,Yes,No
BrightFuture,UX/UI Design Intern,Remote,2 year(s),"₹4,50,000 - 6,00,000",Online,Yes,Yes
InnovateHub,Product Management Intern,Remote,1 year(s),"₹2,00,000 - 3,00,000",Online,No,Yes
RemoteSolutions,Content Writer Intern,Remote,0 year(s),"₹3,00,000 - 4,50,000",Online,No,No
GlobalCorp,Content Writer Intern,Remote,2 year(s),"₹4,50,000 - 6,00,000",Online,Yes,Yes
InnovateHub,AI/ML Research Intern,Remote,2 year(s),"₹2,00,000 - 3,00,000",Online,Yes,Yes
GlobalCorp,Product Management Intern,Remote,1 year(s),"₹6,00,000 - 7,50,000",Online,Yes,No
SkillBuilders,Marketing Intern,Remote,0 year(s),"₹2,00,000 - 3,00,000",Online,Yes,Yes
WomenInTech,Finance Intern,Remote,2 year(s),"₹2,00,000 - 3,00,000",Online,Yes,No
GlobalCorp,Finance Intern,Remote,0 year(s),"₹4,50,000 - 6,00,000",Online,No,Yes
TechNova,Customer Success Intern,Remote,2 year(s),"₹2,00,000 - 3,00,000",Online,Yes,Yes
SkillBuilders,Product Management Intern,Remote,0 year(s),"₹3,00,000 - 4,50,000",Online,Yes,Yes
GlobalCorp,Software Developer Intern,Remote,2 year(s),"₹4,50,000 - 6,00,000",Online,Yes,Yes
SkillBuilders,HR & Recruitment Intern,Remote,1 year(s),"₹3,00,000 - 4,50,000",Online,Yes,No
WomenInTech,Content Writer Intern,Remote,2 year(s),"₹3,00,000 - 4,50,000",Online,No,Yes
NextGenLabs,Content Writer Intern,Remote,1 year(s),"₹3,00,000 - 4,50,000",Online,Yes,Yes
GreenTech,HR & Recruitment Intern,Remote,1 year(s),"₹2,00,000 - 3,00,000",Online,Yes,Yes
GlobalCorp,Content Writer Intern,Remote,1 year(s),"₹2,00,000 - 3,00,000",Online,No,Yes
InclusiveWorks,Content Writer Intern,Remote,0 year(s),"₹6,00,000 - 7,50,000",Online,Yes,Yes
TechNova,Software Developer Intern,Remote,1 year(s),"₹2,00,000 - 3,00,000",Online,Yes,No
SkillBuilders,Data Analyst Intern,Remote,1 year(s),"₹2,00,000 - 3,00,000",Online,No,Yes
NextGenLabs,Product Management Intern,Remote,1 year(s),"₹2,00,000 - 3,00,000",Online,Yes,Yes
SkillBuilders,AI/ML Research Intern,Remote,1 year(s),"₹6,00,000 - 7,50,000",Online,Yes,Yes
InnovateHub,Data Analyst Intern,Remote,2 year(s),"₹2,00,000 - 3,00,000",Online,Yes,Yes
TechNova,Finance Intern,Remote,2 year(s),"₹4,50,000 - 6,00,000",Online,No,Yes
BrightFuture,Product Management Intern,Remote,1 year(s),"₹3,00,000 - 4,50,000",Online,Yes,No
WomenInTech,Software Developer Intern,Remote,0 year(s),"₹4,50,000 - 6,00,000",Online,Yes,No
BrightFuture,Data Analyst Intern,Remote,1 year(s),"₹2,00,000 - 3,00,000",Online,Yes,No
InclusiveWorks,Customer Success Intern,Remote,0 year(s),"₹4,50,000 - 6,00,000",Online,Yes,No
RemoteSolutions,Data Analyst Intern,Remote,1 year(s),"₹2,00,000 - 3,00,000",Online,Yes,Yes
BrightFuture,AI/ML Research Intern,Remote,2 year(s),"₹2,00,000 - 3,00,000",Online,Yes,Yes
RemoteSolutions,Customer Success Intern,Remote,2 year(s),"₹6,00,000 - 7,50,000",Online,Yes,Yes
InnovateHub,AI/ML Research Intern,Remote,1 year(s),"₹6,00,000 - 7,50,000",Online,Yes,No
InnovateHub,Content Writer Intern,Remote,1 year(s),"₹4,50,000 - 6,00,000",Online,Yes,Yes
InnovateHub,Content Writer Intern,Remote,0 year(s),"₹4,50,000 - 6,00,000",Online,No,Yes
NextGenLabs,Product Management Intern,Remote,2 year(s),"₹6,00,000 - 7,50,000",Online,Yes,Yes
InclusiveWorks,Marketing Intern,Remote,2 year(s),"₹6,00,000 - 7,50,000",Online,Yes,Yes
WomenInTech,Software Developer Intern,Remote,1 year(s),"₹4,50,000 - 6,00,000",Online,Yes,Yes
GlobalCorp,AI/ML Research Intern,Remote,1 year(s),"₹6,00,000 - 7,50,000",Online,Yes,Yes
InnovateHub,HR & Recruitment Intern,Remote,1 year(s),"₹6,00,000 - 7,50,000",Online,No,No
GreenTech,Finance Intern,Remote,1 year(s),"₹3,00,000 - 4,50,000",Online,Yes,Yes
GlobalCorp,Product Management Intern,Remote,0 year(s),"₹4,50,000 - 6,00,000",Online,Yes,No
GreenTech,HR & Recruitment Intern,Remote,1 year(s),"₹6,00,000 - 7,50,000",Online,No,Yes
SkillBuilders,Content Writer Intern,Remote,0 year(s),"₹3,00,000 - 4,50,000",Online,Yes,Yes
GreenTech,AI/ML Research Intern,Remote,1 year(s),"₹4,50,000 - 6,00,000",Online,Yes,Yes
BrightFuture,Content Writer Intern,Remote,2 year(s),"₹2,00,000 - 3,00,000",Online,Yes,Yes
WomenInTech,UX/UI Design Intern,Remote,1 year(s),"₹6,00,000 - 7,50,000",Online,Yes,No
BrightFuture,Content Writer Intern,Remote,0 year(s),"₹6,00,000 - 7,50,000",Online,Yes,Yes
InclusiveWorks,HR & Recruitment Intern,Remote,1 year(s),"₹2,00,000 - 3,00,000",Online,Yes,Yes
BrightFuture,Marketing Intern,Remote,0 year(s),"₹4,50,000 - 6,00,000",Online,Yes,Yes
BrightFuture,UX/UI Design Intern,Remote,0 year(s),"₹4,50,000 - 6,00,000",Online,Yes,Yes
GreenTech,HR & Recruitment Intern,Remote,1 year(s),"₹6,00,000 - 7,50,000",Online,Yes,No
InclusiveWorks,Marketing Intern,Remote,0 year(s),"₹3,00,000 - 4,50,000",Online,No,Yes
NextGenLabs,AI/ML Research Intern,Remote,1 year(s),"₹2,00,000 - 3,00,000",Online,Yes,Yes
InclusiveWorks,Software Developer Intern,Remote,0 year(s),"₹2,00,000 - 3,00,000",Online,No,Yes
GlobalCorp,Marketing Intern,Remote,1 year(s),"₹2,00,000 - 3,00,000",Online,Yes,Yes
NextGenLabs,Marketing Intern,Remote,2 year(s),"₹2,00,000 - 3,00,000",Online,Yes,Yes
RemoteSolutions,Marketing Intern,Remote,2 year(s),"₹3,00,000 - 4,50,000",Online,Yes,No
InnovateHub,Content Writer Intern,Remote,0 year(s),"₹3,00,000 - 4,50,000",Online,No,No
NextGenLabs,Marketing Intern,Remote,0 year(s),"₹2,00,000 - 3,00,000",Online,No,Yes
RemoteSolutions,UX/UI Design Intern,Remote,1 year(s),"₹4,50,000 - 6,00,000",Online,Yes,No
InnovateHub,Product Management Intern,Remote,2 year(s),"₹3,00,000 - 4,50,000",Online,Yes,Yes
BrightFuture,UX/UI Design Intern,Remote,0 year(s),"₹3,00,000 - 4,50,000",Online,No,Yes
GreenTech,HR & Recruitment Intern,Remote,0 year(s),"₹4,50,000 - 6,00,000",Online,Yes,Yes
RemoteSolutions,Software Developer Intern,Remote,1 year(s),"₹4,50,000 - 6,00,000",Online,Yes,Yes
TechNova,HR & Recruitment Intern,Remote,0 year(s),"₹6,00,000 - 7,50,000",Online,Yes,Yes
GlobalCorp,Customer Success Intern,Remote,2 year(s),"₹3,00,000 - 4,50,000",Online,No,Yes
InclusiveWorks,Product Management Intern,Remote,2 year(s),"₹4,50,000 - 6,00,000",Online,Yes,Yes
SkillBuilders,Product Management Intern,Remote,2 year(s),"₹4,50,000 - 6,00,000",Online,Yes,Yes
NextGenLabs,Marketing Intern,Remote,2 year(s),"₹6,00,000 - 7,50,000",Online,Yes,Yes
InclusiveWorks,Data Analyst Intern,Remote,0 year(s),"₹3,00,000 - 4,50,000",Online,Yes,Yes
NextGenLabs,Data Analyst Intern,Remote,2 year(s),"₹6,00,000 - 7,50,000",Online,Yes,No
InnovateHub,UX/UI Design Intern,Remote,2 year(s),"₹4,50,000 - 6,00,000",Online,No,Yes
WomenInTech,HR & Recruitment Intern,Remote,1 year(s),"₹6,00,000 - 7,50,000",Online,No,Yes
InnovateHub,Finance Intern,Remote,1 year(s),"₹3,00,000 - 4,50,000",Online,No,No
InclusiveWorks,HR & Recruitment Intern,Remote,1 year(s),"₹6,00,000 - 7,50,000",Online,Yes,Yes
NextGenLabs,Data Analyst Intern,Remote,2 year(s),"₹3,00,000 - 4,50,000",Online,No,Yes
WomenInTech,Marketing Intern,Remote,1 year(s),"₹4,50,000 - 6,00,000",Online,Yes,Yes
InclusiveWorks,Marketing Intern,Remote,1 year(s),"₹3,00,000 - 4,50,000",Online,Yes,Yes
TechNova,Data Analyst Intern,Remote,0 year(s),"₹4,50,000 - 6,00,000",Online,No,Yes
InnovateHub,HR & Recruitment Intern,Remote,2 year(s),"₹2,00,000 - 3,00,000",Online,Yes,Yes
GlobalCorp,Customer Success Intern,Remote,1 year(s),"₹4,50,000 - 6,00,000",Online,Yes,Yes
WomenInTech,Product Management Intern,Remote,1 year(s),"₹3,00,000 - 4,50,000",Online,Yes,Yes
RemoteSolutions,Finance Intern,Remote,1 year(s),"₹2,00,000 - 3,00,000",Online,No,No
